feature,rf_norm,f_norm,mi_norm,mean_score
RISCO_PEDAGOGICO_TDI_ATU,1.0,1.0,1.0,1.0
RISCO_INFRA_TDI_NET,0.1302191088106565,0.5626462917397029,0.7392686956109831,0.4773780320537808
VL_OBSERVADO_2021,0.16041844857545584,0.32381292276694584,0.5759959640511371,0.35340911179784623
PC_NIVEL_5,0.0888925332813253,0.13630351412748867,0.6760166048630915,0.3004042174239685
PC_NIVEL_7,0.08423774742107286,0.12331164691065746,0.6829962706955062,0.29684855500907886
MEDIA_INSE,0.05753997596331085,0.14615341948583835,0.6696203306134845,0.29110457535421125
PC_NIVEL_6,0.08107601543134245,0.14542143249994027,0.6427726953393722,0.2897567144235516
PC_NIVEL_3,0.09661470595995772,0.13978762777342937,0.6056071083904834,0.28066981404129016
PC_NIVEL_2,0.06898614209418541,0.1361656983063161,0.6224854885545249,0.27587910965167545
VL_NOTA_MEDIA_2021,0.0439624558927444,0.10648573362120226,0.6074225150021345,0.2526235681720271
VL_NOTA_PORTUGUES_2021,0.037898478652295224,0.09986050307476448,0.5920909536853465,0.2432833118041354
PC_NIVEL_4,0.10615748831282656,0.003870310264142809,0.5619635630554807,0.22399712054415
VL_NOTA_MATEMATICA_2021,0.050659345751010346,0.10345432491077908,0.5046874339149584,0.2196003681922493
PC_NIVEL_1,0.09482264210102262,0.06587493041052689,0.4842964864075728,0.21499801963970744
NO_UF_PA,0.18844581151092693,0.3446468501279214,0.08706897958244941,0.2067205470737659
RISCO_GOVERNANCA_IDH,0.06827159015765234,0.31289588072166946,0.20508859850042427,0.1954186897932487
VL_PROJECAO_2021,0.029487702629430273,0.12989130765967263,0.36350724693983927,0.17429541907631405
MED_CAT_0_dsu,0.07245263818682866,0.02812667562941989,0.29636351797384297,0.13231427726336384
ADH_IDHM_E,0.05198717072800366,0.22919725542848876,0.11180984597842585,0.13099809071163943
NO_REGIAO_Sudeste,0.008421127386032708,0.20521740835114433,0.16659813210910945,0.12674555594876216
ADH_EXPECTATIVA_ANOS_ESTUDO,0.08802550324657232,0.19263085871036906,0.097818863477369,0.12615840847810347
ADH_TX_ATRASO_2_FUNDAMENTAL,0.08551409860778454,0.18959084665194806,0.09335456073547435,0.12281983533173564
ADH_IDHM,0.03893582643031944,0.1681621681741626,0.12554897553776834,0.11088232338075012
ADH_TX_ANALFABETISMO_25_MAIS,0.06574177836478405,0.0801855643383664,0.12618825544965093,0.09070519938426713
ADH_PROP_VULNER_POBREZA,0.044025386586805604,0.12238282778747106,0.07655236462037501,0.08098685966488389
ADH_PROP_POBREZA_EXTREMA,0.05721085541308354,0.09967710777368945,0.0858823319502233,0.08092343171233209
RACA_PERC_PRETA_PARDA,0.11199422165667063,0.09170051123976672,0.021608463912147616,0.07510106560286166
NO_UF_SP,0.0016828818967931662,0.1470602877263899,0.07329359583793495,0.074012255153706
RISCO_SOCIAL_TDI_PIB,0.09563238175352959,2.00425739158091e-05,0.11257235397634176,0.06940825943459572
NO_UF_RN,0.01748245164574368,0.10544131379195472,0.06743692755655634,0.06345356433141824
ADH_IDHM_L,0.07489605678434877,0.08267925241279239,0.030453029286867404,0.06267611282800285
ADH_INDICE_GINI,0.05048941721619831,0.09705292889719741,0.03711041088884377,0.061550919000746496
NO_REGIAO_Centro-Oeste,0.06346373077838853,0.05828140806928986,0.05945575270662033,0.06040029718476624
NO_REGIAO_Norte,0.004098300298534233,0.1427203448763942,0.03022983487517529,0.059016160016701236
NO_UF_PR,0.003536845122352594,0.0894459281296615,0.06332141704419267,0.05210139676540226
ADH_IDHM_R,0.027636659753477094,0.08862457028766467,0.037308799938839995,0.051190009993327255
NO_UF_MG,0.0037441710326483,0.05653767002920204,0.08750607133794645,0.04926263746659893
ADH_RENDA_PER_CAPITA,0.033783885351298594,0.07722188472571485,0.03457295801967524,0.04852624269889624
RACA_PERC_INDIGENA,0.05840830349852267,0.007000014237800324,0.07417469075192362,0.046527669496082204
NO_UF_BA,0.007197503687936981,0.04621662884273611,0.07697205803961515,0.04346206352342941
ADH_PERC_POPULACAO_RURAL,0.08656408616740713,0.040482850354628355,0.0,0.04234897884067849
CENSO_PERC_HOMENS,0.05638184653264488,0.00012667210482763316,0.04968298678501577,0.035397168474162764
CENSO_PERC_MULHERES,0.050400564772486806,0.00012667210482761676,0.05001798727137026,0.03351507471622823
NO_UF_MT,0.01904481784622893,0.05451660603505493,0.02246772865492112,0.03200971751206833
NO_REGIAO_Nordeste,0.0040661523750139365,0.04528470172727913,0.0425618309158676,0.03063756167272022
NO_REGIAO_Sul,0.00549331629163996,0.024010867869971104,0.05025768944302647,0.026587291201545845
NO_UF_PI,0.04308442816104721,0.01674269964168961,0.014172260422561558,0.024666462741766124
NO_UF_MS,0.000777874755847152,0.01839184662719375,0.04948284370124804,0.022884188361429646
NO_UF_GO,0.005027890430564998,0.00533288856657522,0.05781392406818219,0.02272490102177414
NO_UF_MA,0.002420777898048115,0.015725028151239388,0.03919091692503213,0.019112240991439877
NO_UF_AC,0.0011242510262962988,0.0002750457075880057,0.05122907108186191,0.017542789271915403
NO_UF_SC,0.03604477900078455,0.015765487100222634,0.0,0.017270088700335726
NO_UF_CE,0.0010536506180373276,0.020336567441682857,0.02892481864182043,0.016771678900513537
NO_UF_PB,0.00917394402725752,0.016932886469640644,0.021529906442351584,0.01587891231308325
NO_UF_RS,0.005546348488228233,0.002634225214516245,0.0251508352307488,0.011110469644497759
NO_UF_AP,0.0003276569342715936,0.008074846026543646,0.020543800432892733,0.009648767797902658
NO_UF_RO,0.005554987900561008,0.010455154719488262,0.01088671714705948,0.008965619922369583
NO_UF_RJ,0.0005495451476073892,0.0024071432393618715,0.023493189570795103,0.008816625985921455
NO_UF_ES,0.015032616522502177,0.007589491563281313,0.0011992969109452896,0.007940468332242927
NO_UF_PE,0.0005255148167238185,0.016229055860011544,0.0035562108150620506,0.006770260497265804
NO_UF_TO,0.003736447445293505,0.0018461760209991572,0.008564056668040582,0.004715560044777748
NO_UF_DF,3.7185526460616486e-07,5.1374097492426594e-05,0.013716290344131384,0.004589345432296139
NO_UF_SE,0.003938550487279089,0.0005438941895119607,0.0011758308644646198,0.0018860918470852233
NO_UF_AM,0.0009277060321005459,0.0030828737347753793,0.0,0.001336859922291975
NO_UF_AL,0.0004938062951291856,0.0024332500174360514,0.0,0.0009756854375217457
NO_UF_RR,0.00010161362921168313,0.0002612347377471547,0.0,0.00012094945565294594
NO_REGIAO_nan,0.0,0.0,0.0,0.0
NO_UF_nan,0.0,0.0,0.0,0.0
